{
  "version": "v1.0.0",

  "server": {
    "port": 3000,
    "port_ssl": 3001
  },

  "auth": { 
    "accessTokenExpTime": "72h",
    "refreshTokenExpTime": 200,
    "secret_key": "1122334455",    
    "max_attempts": 5
  },

  "log":  {
    "console" : "true"
  },

  "home": "/",
  
  "scnaner":  {
    "host" : "http://10.10.1.84:50100",
    "polling_time": 5000
  },

  "db_pg": {    
    "user": "postgres",
    "host": "127.0.0.1",
    "database": "postgres",
    "password": "root",
    "port": 5432,
    "connectionLimit": 100,
    "idleTimeout": 30000
  },

  "db_maria": {
    "connectionLimit": 100,
    "host": "127.0.0.1",
    "user": "root",
    "password": "",
    "database": "container_sec",
    "port": 3306,
    "charset": "utf8_general_ci",
    "multipleStatements": true, 
    "maxIdle": 10, 
    "idleTimeout": 60000, 
    "queueLimit": 0
  }
}
